{
    "reports": [
        {
            "report": [
                {
                    "reportStatus": "f1ff30"
                },
                {
                    "probType": "3"
                },
                {
                    "description": "Test description"
                },
                {
                    "email": "jonathan.bonilla@ryerson.ca"
                },
                {
                    "lat": 43.659849276664
                },
                {
                    "lng": -79.43510055542
                }
            ]
        },
        {
            "report": [
                {
                    "reportStatus": "ff8930"
                },
                {
                    "probType": "1"
                },
                {
                    "description": "New description"
                },
                {
                    "email": "dlgklfdkl"
                },
                {
                    "lat": 43.748078242899
                },
                {
                    "lng": -79.260864257812
                }
            ]
        },
        {
            "report": [
                {
                    "reportStatus": "ba0303"
                },
                {
                    "probType": "1"
                },
                {
                    "description": "New problem"
                },
                {
                    "email": "jonathan.bonilla@ryerson.ca"
                },
                {
                    "lat": 43.736920877562
                },
                {
                    "lng": -79.343433374888
                }
            ]
        },
        {
            "report": [
                {
                    "reportStatus": "ba0303"
                },
                {
                    "probType": "1"
                },
                {
                    "description": "Hamzeh is a bad programmer"
                },
                {
                    "email": "hammy@hamz.com"
                },
                {
                    "lat": 43.932314660366
                },
                {
                    "lng": -79.324035644531
                }
            ]
        },
        {
            "report": [
                {
                    "reportStatus": "ba0303"
                },
                {
                    "probType": "1"
                },
                {
                    "description": "died of waiting"
                },
                {
                    "email": ""
                },
                {
                    "lat": 43.847200777099
                },
                {
                    "lng": -79.469604492188
                }
            ]
        }
    ]
}