{
  "reports": [
    {"report": [
      {"reportStatus": "ba0303"},
      {"probType": "1"},
      {"description": "This is a test"},
      {"email": "fake@fake.com"}, 
      {"lat": 43.504736854976954},
      {"lng": -79.969482421875}
    ]},
    {"report": [
      {"reportStatus": "00ba00"},
      {"probType": "3"},
      {"description": "This is a test number 2"},
      {"email": "fake@fake.com"}, 
      {"lat": 43.71950494269107},
      {"lng": -79.365234375} 
    ]}
  ]
}